sample_id,patho,sapro,symbio,patho_s,sapro_s,symbio_s,centroid_x,centroid_y,area
AH1P1-1,36.333333333333336,48.833333333333336,15.833333333333334,0.21766561514195584,0.21177587844254514,0.24137931034482754,-0.014311689207515592,0.015900858990544928,0.06484565193781808
AH1P1-2,24.666666666666668,28.166666666666668,9.166666666666666,0.10725552050473187,0.09401709401709404,0.10344827586206892,-0.0038045781074911595,0.00799868167073202,0.013382325667336315
AH1P1-3,34.666666666666664,33.666666666666664,14.666666666666666,0.20189274447949523,0.12535612535612536,0.21724137931034476,-0.003947372904200973,0.0020072579124824287,0.04174263579265933
AH1P1-4,28.833333333333332,29.833333333333332,10.333333333333334,0.14668769716088326,0.10351377018043685,0.1275862068965517,-5.987319707759694e-4,0.007683776436022576,0.020397692381939447
AH1P1-5,51.333333333333336,60.333333333333336,17.333333333333332,0.359621451104101,0.27730294396961064,0.2724137931034482,0.0015529139764751656,0.02960708777886379,0.11831252710397507
AH1P2-1,42.166666666666664,41.666666666666664,19.166666666666668,0.2728706624605678,0.17094017094017094,0.3103448275862069,-0.00727661376306333,9.048840408021629e-4,0.07983842915540952
AH1P2-2,69,45,26,0.5268138801261829,0.1899335232668566,0.4517241379310344,0.012335184294669758,-0.0023541266908480144,0.18352451790884744
AH1P2-3,86.83333333333333,55.833333333333336,27.333333333333332,0.695583596214511,0.251661918328585,0.47931034482758617,0.02948757798208203,0.007614772645746815,0.272398104739889
AH1P2-4,69.66666666666667,41.166666666666664,28.166666666666668,0.5331230283911672,0.16809116809116809,0.49655172413793097,0.009521625422555413,-0.0081446268993751,0.18957399614898127
AH1P2-5,71.83333333333333,39.833333333333336,24.333333333333332,0.5536277602523658,0.16049382716049385,0.4172413793103447,0.01957678960860561,-0.002188504133482476,0.16749577112675723
AH1P3-1,75.83333333333333,48.333333333333336,26.833333333333332,0.5914826498422713,0.20892687559354226,0.4689655172413792,0.0180211055749906,1.967280639099233e-4,0.2160478290763536
AH1P3-2,49,29,21,0.33753943217665616,0.09876543209876544,0.34827586206896544,0.003449999685922521,-0.008241551645728313,0.08023365125462828
AH1P3-3,55.166666666666664,36.166666666666664,19.666666666666668,0.3958990536277603,0.1396011396011396,0.32068965517241377,0.011335670567870867,-4.980235344157764e-4,0.0982927277765889
AH1P3-4,48.666666666666664,29.666666666666668,15.666666666666666,0.334384858044164,0.10256410256410257,0.23793103448275857,0.01339190451593336,4.471125001838832e-4,0.059868163430528046
AH1P3-5,35.166666666666664,22.666666666666668,13.166666666666666,0.20662460567823338,0.0626780626780627,0.1862068965517241,0.004319891702486351,-0.002882242383155318,0.0273217349416922
AH2P1-1,60.833333333333336,38.333333333333336,23.833333333333332,0.44952681388012616,0.1519468186134853,0.40689655172413786,0.008773646420329077,-0.004964996298060086,0.13555103936496454
AH2P1-2,47.666666666666664,31.666666666666668,17.666666666666668,0.3249211356466877,0.11396011396011399,0.27931034482758615,0.007648519433504131,-0.0018871274432275373,0.06911407655374306
AH2P1-3,55.5,34,16.5,0.3990536277602524,0.12725546058879392,0.2551724137931034,0.01949485531333145,0.0036006546864375895,0.08014255970440429
AH2P1-4,74.66666666666667,49.666666666666664,25.666666666666668,0.5804416403785488,0.21652421652421652,0.4448275862068965,0.0190854232305506,0.003140153015632965,0.20792926558706135
AH2P1-5,41.5,34,16.5,0.2665615141955836,0.12725546058879392,0.2551724137931034,0.0016731682988833658,3.4997389335148654e-4,0.0582023788181893
AH2P2-1,74.83333333333333,46.833333333333336,26.333333333333332,0.5820189274447949,0.2003798670465337,0.4586206896551723,0.018167181844581784,-2.201750475727499e-4,0.20587552106032941
AH2P2-2,64.5,40,19.5,0.4842271293375394,0.16144349477682812,0.3172413793103448,0.02271527666527677,0.004734396637888562,0.12254638756705283
AH2P2-3,63.166666666666664,47.666666666666664,23.166666666666668,0.47160883280757093,0.2051282051282051,0.393103448275862,0.010642068231196183,0.0037292940241092703,0.15708312438052363
AH2P2-4,61,37,24,0.45110410094637227,0.14434947768281103,0.41034482758620683,0.008882721920474982,-0.005929293724828771,0.13399921760005543
AH2P2-5,39.5,28,12.5,0.2476340694006309,0.09306742640075974,0.17241379310344823,0.010208152849516199,0.003076677516946254,0.03541537395063441
AH2P3-1,54,28,16,0.3848580441640379,0.09306742640075974,0.2448275862068965,0.01803447016043087,-2.3509533111888394e-4,0.06617606988373845
AH2P3-2,70.33333333333333,38.333333333333336,19.333333333333332,0.5394321766561514,0.1519468186134853,0.31379310344827577,0.029979754055431216,0.004575221273087877,0.12943397606136897
AH2P3-3,58.5,35,19.5,0.4274447949526814,0.13295346628679963,0.3172413793103448,0.01565660983333453,-2.672232603440318e-4,0.10158988269947655
AH2P3-4,42.5,33.5,19,0.27602523659305994,0.12440645773979107,0.3068965517241379,-0.0018890595101777976,-0.004948796865909474,0.06808277250126965
AH2P3-5,34,17.5,10.5,0.19558359621451105,0.033238366571699915,0.13103448275862067,0.007361048462741073,-0.0016604699513812404,0.015798228887596546
AH3P1-1,36.166666666666664,22.166666666666668,13.666666666666666,0.21608832807570977,0.059829059829059845,0.19655172413793098,0.004464270763607761,-0.003586062796912809,0.029081306186704858
AH3P1-2,33.5,23.5,15,0.19085173501577288,0.0674264007597341,0.2241379310344827,-8.529029418371061e-4,-0.0061223677768527975,0.030639274081549546
AH3P1-3,41.5,28,11.5,0.2665615141955836,0.09306742640075974,0.15172413793103445,0.015665331484262388,0.005384771676850387,0.03436933752629579
AH3P1-4,46.666666666666664,38.166666666666664,16.166666666666668,0.31545741324921134,0.150997150997151,0.24827586206896549,0.008047347470186966,0.006262294437890936,0.07077271304698646
AH3P1-5,32.833333333333336,20.333333333333332,11.833333333333334,0.18454258675078866,0.04938271604938272,0.1586206896551724,0.004630895465356921,-0.00253356566456302,0.020013243902771472
AH3P2-1,77.66666666666667,57.166666666666664,33.166666666666664,0.608832807570978,0.25925925925925924,0.5999999999999999,0.0043263100080262245,-0.005138554699747901,0.29388605973734105
AH3P2-2,68.33333333333333,39.833333333333336,20.833333333333332,0.5205047318611987,0.16049382716049385,0.34482758620689646,0.02386699831091548,0.0029068121863998616,0.13785603938326524
AH3P2-3,38,26,16,0.23343848580441642,0.08167141500474835,0.2448275862068965,0.0014127663464292,-0.005116516607269455,0.041661385207397664
AH3P2-4,60.666666666666664,47.166666666666664,20.166666666666668,0.4479495268138801,0.20227920227920226,0.3310344827586207,0.014787899887128655,0.009161697089239822,0.13244083370078277
AH3P2-5,61.166666666666664,51.666666666666664,20.166666666666668,0.45268138801261826,0.2279202279202279,0.3310344827586207,0.014066130024197208,0.01382905238537334,0.14223508091853268
AH3P3-1,57.833333333333336,31.833333333333332,20.333333333333332,0.4211356466876972,0.11490978157644824,0.33448275862068955,0.013121875548367716,-0.003649576161153319,0.09859290404693519
AH3P3-2,49.666666666666664,39.166666666666664,17.166666666666668,0.34384858044164035,0.15669515669515668,0.2689655172413793,0.009434018690953255,0.005682804378732281,0.08162653696222996
AH3P3-3,79.16666666666667,63.666666666666664,32.166666666666664,0.6230283911671924,0.2962962962962963,0.579310344827586,0.005817043728536357,0.0024625728020347495,0.31054601719502944
AH3P3-4,64.5,43,26.5,0.4842271293375394,0.1785375118708452,0.4620689655172413,0.006554081459653396,-0.0058480639351968025,0.17004221698382568
AH3P3-5,73.33333333333333,57.333333333333336,23.333333333333332,0.5678233438485804,0.26020892687559355,0.396551724137931,0.021556486396806008,0.014780782257415569,0.20616181933349592
GD1P1-1,60.5,35.5,23,0.44637223974763407,0.13580246913580246,0.3896551724137931,0.010482095299013176,-0.005222646607535176,0.12447635959355405
GD1P1-2,59.833333333333336,53.833333333333336,25.333333333333332,0.4400630914826499,0.24026590693257363,0.43793103448275855,-0.0015301322184724127,0.003293541013488291,0.17479395151829707
GD1P1-3,53.166666666666664,45.166666666666664,27.666666666666668,0.3769716088328075,0.19088319088319086,0.48620689655172405,-0.010689696180739477,-0.011340511174541571,0.1507111375893279
GD1P1-4,104,57,49,0.8580441640378549,0.25830959164292494,0.9275862068965517,0.005164798246560288,-0.023676615802830436,0.5443642492690886
GD1P1-5,64,49,28,0.4794952681388012,0.21272554605887942,0.49310344827586194,7.824246837342668e-4,-0.005021756192338537,0.19197070948756495
GD1P2-1,56.166666666666664,35.666666666666664,26.166666666666668,0.40536277602523657,0.13675213675213674,0.4551724137931034,2.8479721188843946e-4,-0.01169218546263512,0.13085209937093314
GD1P2-2,88.66666666666667,57.166666666666664,39.166666666666664,0.7129337539432177,0.25925925925925924,0.7241379310344827,0.005814192159348243,-0.012781979654510972,0.3848775005086782
GD1P2-3,60,45.5,24.5,0.4416403785488959,0.19278252611585947,0.42068965517241375,0.004277886832908926,-0.0016974559624497027,0.15243592996953054
GD1P2-4,60.5,34.5,27,0.44637223974763407,0.13010446343779677,0.4724137931034482,0.0036609346468781303,-0.011780423936566625,0.14307197223500948
GD1P2-5,66,41.5,29.5,0.4984227129337539,0.16999050332383667,0.5241379310344827,0.0031455862908524863,-0.011380112937535417,0.1883899044057189
GD1P3-1,39.666666666666664,36.166666666666664,14.166666666666666,0.24921135646687695,0.1396011396011396,0.20689655172413787,0.0035805061818463854,0.007297551223110706,0.04989785240327034
GD1P3-2,26.5,21,13.5,0.1246056782334385,0.05318138651471986,0.19310344827586204,-0.005005908812791934,-0.007643736001263456,0.017735333377112503
GD1P3-3,49.333333333333336,49.333333333333336,18.333333333333332,0.3406940063091483,0.21462488129154797,0.293103448275862,0.0015477475888306914,0.013164001488554082,0.1021421934384894
GD1P3-4,51.833333333333336,37.333333333333336,27.833333333333332,0.3643533123028391,0.14624881291547961,0.489655172413793,-0.007968345360430213,-0.015988493060666617,0.13133500894113215
GD1P3-5,54,40,22,0.3848580441640379,0.16144349477682812,0.3689655172413792,0.003917833561588445,-0.002551274244584391,0.11418512798912607
GD2P1-1,84.33333333333333,58.833333333333336,34.833333333333336,0.6719242902208201,0.2687559354226021,0.6344827586206896,0.008601636750426604,-0.005135797446384018,0.33663664294676887
GD2P1-2,80.5,46.5,33,0.6356466876971609,0.19848053181386513,0.596551724137931,0.011012424643262516,-0.010224170702227309,0.2700975286826555
GD2P1-3,60.5,36.5,21,0.44637223974763407,0.14150047483380818,0.34827586206896544,0.01450348003883988,-0.0013498283787959492,0.11600573110956869
GD2P1-4,60.166666666666664,37.666666666666664,27.166666666666668,0.4432176656151419,0.14814814814814814,0.4758620689655172,0.0021541241601649346,-0.011125060282265776,0.15028590725672286
GD2P1-5,68.83333333333333,37.833333333333336,26.333333333333332,0.5252365930599369,0.14909781576448244,0.4586206896551723,0.012484790347380544,-0.0070675371847219335,0.16782504534123077
GD2P2-1,78.5,36,29.5,0.6167192429022083,0.13865147198480532,0.5241379310344827,0.01573363206622635,-0.009688899304442364,0.20846421149608163
GD2P2-2,62.333333333333336,39.833333333333336,22.833333333333332,0.46372239747634064,0.16049382716049385,0.3862068965517241,0.012252148375742015,-0.0018719188354569744,0.1366160241200215
GD2P2-3,58.5,36.5,26,0.4274447949526814,0.14150047483380818,0.4517241379310344,0.002745462542306794,-0.010247862578561136,0.13747718236146222
GD2P2-4,56.833333333333336,25.333333333333332,21.833333333333332,0.4116719242902208,0.0778727445394112,0.3655172413793103,0.00890838634852061,-0.007786227640945035,0.09136353212972859
GD2P2-5,59,34,21,0.43217665615141954,0.12725546058879392,0.34827586206896544,0.01298364590943011,-0.0032318229491054406,0.10818109711445459
GD2P3-1,51.166666666666664,26.666666666666668,21.166666666666668,0.3580441640378549,0.08547008547008549,0.35172413793103446,0.005497894647607623,-0.008336359036385606,0.08079875524809216
GD2P3-2,62.333333333333336,41.833333333333336,23.833333333333332,0.46372239747634064,0.17188983855650525,0.40689655172413786,0.009725757600449919,-0.0023339716992431423,0.1465044762114562
GD2P3-3,43.666666666666664,24.166666666666668,14.166666666666666,0.28706624605678227,0.07122507122507124,0.20689655172413787,0.010898061481313462,-0.0016573956758449276,0.04095241525251636
GD2P3-4,86.33333333333333,59.833333333333336,29.833333333333332,0.6908517350157729,0.27445394112060784,0.5310344827586205,0.021965349551427003,0.0060196750049488264,0.30406913242708417
GD2P3-5,48.333333333333336,37.333333333333336,19.333333333333332,0.331230283911672,0.14624881291547961,0.31379310344827577,0.0032734250893385426,-8.798793164861315e-4,0.08585415735888845
GD3P1-1,66.66666666666667,39.666666666666664,21.666666666666668,0.5047318611987381,0.15954415954415954,0.3620689655172413,0.019888436763994526,0.0010327774261086242,0.13901472354426125
GD3P1-2,64.5,42,21.5,0.4842271293375394,0.17283950617283952,0.35862068965517235,0.01756060972844823,0.0026669132816443237,0.1382744951061269
GD3P1-3,71.83333333333333,40.833333333333336,21.333333333333332,0.5536277602523658,0.16619183285849956,0.3551724137931033,0.026755055655491845,0.0034343053680477285,0.1505448655399576
GD3P1-4,51.833333333333336,32.333333333333336,22.833333333333332,0.3643533123028391,0.11775878442545111,0.3862068965517241,0.0023957605365909416,-0.009017171955629214,0.09920356499842578
GD3P1-5,73,44,27,0.5646687697160883,0.1842355175688509,0.4724137931034482,0.014987233393684985,-0.0037298203357435597,0.19824393548561495
GD3P2-1,101.66666666666667,64.16666666666667,34.166666666666664,0.8359621451104101,0.2991452991452992,0.6206896551724136,0.03011743734796619,0.004567797372650787,0.41336414178512204
GD3P2-2,58.666666666666664,37.666666666666664,22.666666666666668,0.42902208201892744,0.14814814814814814,0.3827586206896551,0.008796943201240852,-0.003944846465343388,0.12318159501637557
GD3P2-3,70.66666666666667,53.166666666666664,20.166666666666668,0.5425867507886435,0.23646723646723647,0.3310344827586207,0.02782212192959993,0.017145010941762212,0.1672285195939588
GD3P2-4,91.33333333333333,62.333333333333336,51.333333333333336,0.7381703470031544,0.28869895536562207,0.9758620689655171,-0.014149766149880989,-0.031374001688209974,0.5261934889777202
GD3P2-5,61.666666666666664,28.166666666666668,18.166666666666668,0.45741324921135645,0.09401709401709404,0.28965517241379307,0.020429756736096715,-0.0018291236800132631,0.08778436869976489
GD3P3-1,98.16666666666667,99.16666666666667,33.666666666666664,0.802839116719243,0.4985754985754986,0.6103448275862068,0.014746902667539221,0.04000703476097857,0.5172716008088047
GD3P3-2,58.5,40,21.5,0.4274447949526814,0.16144349477682812,0.35862068965517235,0.010554117038412426,-2.833650625451893e-4,0.12132829976301152
GD3P3-3,35.5,28,11.5,0.20977917981072555,0.09306742640075974,0.15172413793103445,0.007427221061931084,0.004359466237198599,0.028350531784683185
GD3P3-4,72.66666666666667,65.16666666666667,25.166666666666668,0.5615141955835963,0.30484330484330485,0.43448275862068964,0.012822450527832149,0.01845661203048091,0.23711396229361026
GD3P3-5,51.666666666666664,48.666666666666664,16.666666666666668,0.362776025236593,0.2108262108262108,0.2586206896551724,0.010208901110276754,0.017357645410089842,0.09735342332701553
JX1P1-2,51.166666666666664,32.666666666666664,22.166666666666668,0.3580441640378549,0.11965811965811965,0.37241379310344824,0.0027368746063147803,-0.008025364148574177,0.09558573999565781
JX1P1-3,52,42,20,0.3659305993690852,0.17283950617283952,0.32758620689655166,0.004882054705977346,0.0026127958368236687,0.10381086324282847
JX1P1-5,22.333333333333332,15.833333333333334,8.833333333333334,0.08517350157728706,0.0237416904083571,0.09655172413793102,2.753084986587556e-4,-0.002737369016372834,0.005429161960065414
JX1P1-6,39.333333333333336,36.333333333333336,16.333333333333332,0.2460567823343849,0.1405508072174739,0.25172413793103443,-0.00217388291306084,0.0020297132345521167,0.057115216106639964
JX1P1-8,58.166666666666664,45.166666666666664,31.666666666666668,0.42429022082018925,0.19088319088319086,0.5689655172413792,-0.011313658019840186,-0.0171478710366935,0.18662948325918677
JX1P2-1,49.333333333333336,39.333333333333336,18.333333333333332,0.3406940063091483,0.157644824311491,0.293103448275862,0.006092028532174599,0.0031903795203617083,0.0865044527967648
JX1P2-2,76.66666666666667,55.166666666666664,27.166666666666664,0.5993690851735016,0.24786324786324787,0.47586206896551714,0.016886662548416462,0.005195991666705136,0.23890492845343564
JX1P2-3,62.5,41.5,25,0.46529968454258674,0.16999050332383667,0.43103448275862066,0.007614080539202724,-0.0046471352314342565,0.15282252556832668
JX1P2-4,58.5,56,22.5,0.4274447949526814,0.2526115859449193,0.37931034482758613,0.002041767727504861,0.01194075702383164,0.1584523067820638
JX1P2-5,55.333333333333336,42.333333333333336,23.333333333333332,0.39747634069400634,0.17473884140550808,0.396551724137931,0.0019627916741621846,-0.0031497378998382296,0.12833087993291248
JX1P3-1,46.166666666666664,42.166666666666664,19.666666666666668,0.31072555205047314,0.1737891737891738,0.32068965517241377,-0.002694000867036015,0.0016511903536330012,0.09066402515729177
JX1P3-2,43.5,32.5,18,0.2854889589905363,0.11870845204178537,0.2862068965517241,0.0017497686303566673,-0.0032187568649124057,0.06476745876144355
JX1P3-3,46,41,15,0.3091482649842271,0.1671415004748338,0.2241379310344827,0.009103566620270674,0.011846138558130713,0.06860051685085232
JX1P3-4,40.5,34,16.5,0.25709779179810727,0.12725546058879392,0.2551724137931034,3.075182066651916e-4,2.1407694295599762e-5,0.05663522304060252
JX1P3-5,36.166666666666664,29.666666666666668,16.166666666666668,0.21608832807570977,0.10256410256410257,0.24827586206896549,-0.0026802568516147737,-0.00409686577408635,0.043854059556985216
JX2P1-1,25.333333333333332,17.833333333333332,9.833333333333334,0.11356466876971608,0.03513770180436847,0.11724137931034483,0.0010765256571739616,-0.002668140301741079,0.009277068723652564
JX2P1-2,32.333333333333336,24.333333333333332,13.333333333333334,0.1798107255520505,0.07217473884140552,0.18965517241379307,4.0156468396390654e-4,-0.0031896331564958153,0.026313375993661618
JX2P1-3,41.166666666666664,33.666666666666664,11.166666666666666,0.26340694006309145,0.12535612535612536,0.1448275862068965,0.015581624746293503,0.012234674124777172,0.03867811904489811
JX2P1-4,23.833333333333332,19.333333333333332,8.833333333333334,0.09936908517350154,0.043684710351377026,0.09655172413793102,7.489951326005497e-4,-5.303892356211307e-4,0.007860479709989359
JX2P1-5,33.333333333333336,37.333333333333336,19.333333333333332,0.18927444794952683,0.14624881291547961,0.31379310344827577,-0.018403002016876783,-0.007903866402836926,0.0575759879788396
JX2P2-1,39.166666666666664,32.166666666666664,13.666666666666666,0.24447949526813875,0.11680911680911679,0.19655172413793098,0.005746721609367013,0.004363223130333857,0.04311478613976878
JX2P2-2,28.5,20,9.5,0.14353312302839116,0.04748338081671416,0.11034482758620687,0.004815488807043091,-5.946076987952835e-5,0.01207807574188395
JX2P2-3,13.333333333333334,14.833333333333334,7.833333333333333,0,0.018043684710351397,0.07586206896551721,-0.015650958945978115,-0.016690729856914593,5.927213196808719e-4
JX2P2-4,37.5,31,12.5,0.22870662460567823,0.11016144349477683,0.17241379310344823,0.006740472823070237,0.005499723796905042,0.03620860045825677
JX2P2-5,30.333333333333332,26.833333333333332,15.833333333333332,0.16088328075709776,0.08641975308641976,0.2413793103448275,-0.00807485400624298,-0.007965960389111253,0.03186857834906495
JX2P3-1,51.5,41.5,18,0.36119873817034703,0.16999050332383667,0.2862068965517241,0.009154320987533097,0.006469601631380835,0.09241806533267902
JX2P3-2,40.666666666666664,34.166666666666664,14.166666666666666,0.2586750788643533,0.1282051282051282,0.20689655172413787,0.005913559939341792,0.00551919102692812,0.04902035145024333
JX2P3-3,48.666666666666664,45.666666666666664,14.666666666666666,0.334384858044164,0.19373219373219372,0.21724137931034476,0.012512728458298743,0.018591194612274053,0.07773010529504676
JX2P3-4,29,30.5,12.5,0.14826498422712933,0.10731244064577398,0.17241379310344823,-0.006016198966927688,0.002420552016434887,0.025970261803918353
JX2P3-5,44,37,15,0.2902208201892744,0.14434947768281103,0.2241379310344827,0.007594322173946659,0.007182375746048473,0.060317331910403935
JX3P1-1,25.833333333333332,23.333333333333332,13.833333333333334,0.11829652996845426,0.06647673314339982,0.19999999999999998,-0.008200131277446704,-0.008067097284200162,0.01940703151476043
JX3P1-2,37.333333333333336,38.833333333333336,12.833333333333334,0.22712933753943218,0.15479582146248813,0.17931034482758618,0.0020183316242105907,0.013263612726504895,0.044878217726946223
JX3P1-3,61.5,44.5,24,0.45583596214511035,0.18708452041785376,0.41034482758620683,0.007604603514328169,-9.798670300266953e-4,0.15116427824051587
JX3P1-4,52.333333333333336,39.833333333333336,23.833333333333332,0.3690851735015773,0.16049382716049385,0.40689655172413786,-0.0017192645584135687,-0.006918650485195765,0.11895714609433451
JX3P1-5,39,39.5,16.5,0.2429022082018927,0.15859449192782527,0.2551724137931034,-0.004894070716109428,0.004507284552180652,0.0610434609296468
JX3P2-1,49.666666666666664,48.166666666666664,16.166666666666668,0.34384858044164035,0.20797720797720798,0.24827586206896549,0.008590076531268483,0.01770965823647243,0.0902908087976785
JX3P2-2,45.5,53,16.5,0.30441640378548895,0.2355175688509022,0.2551724137931034,-0.0021675915580521973,0.021642290978458666,0.09070389224830391
JX3P2-3,57.5,52.5,20,0.41798107255520506,0.23266856600189936,0.32758620689655166,0.008574492305551844,0.014315634041180603,0.1344049359830397
JX3P2-4,50.333333333333336,50.833333333333336,16.833333333333332,0.35015772870662465,0.2231718898385565,0.2620689655172413,0.00649931412931359,0.019167168183944813,0.09889891556218754
JX3P2-5,32.833333333333336,34.833333333333336,11.333333333333334,0.18454258675078866,0.13200379867046536,0.1482758620689655,6.76684299787685e-4,0.011730430172868785,0.03087229471235975
JX3P3-1,58.333333333333336,60.833333333333336,19.833333333333332,0.42586750788643535,0.2801519468186135,0.3241379310344827,0.006376432528556333,0.02440205632298111,0.15075566571919952
JX3P3-2,52.833333333333336,67.33333333333333,16.833333333333332,0.3738170347003155,0.3171889838556505,0.2620689655172413,0.0016057594187043115,0.040644286652375024,0.1297573993748558
JX3P3-3,43.166666666666664,53.666666666666664,17.166666666666668,0.28233438485804413,0.2393162393162393,0.2689655172413793,-0.008606067207344935,0.019805011083406314,0.0900117503435082
JX3P3-4,48,52,16,0.3280757097791798,0.22981956315289648,0.2448275862068965,0.004275498832488312,0.02244667183902686,0.09179279054821934
JX3P3-5,42.333333333333336,45.833333333333336,14.833333333333334,0.2744479495268139,0.19468186134852802,0.22068965517241376,0.0011462788053328225,0.01707539723701495,0.06796659767330646
JX4P1-1,74.16666666666667,63.666666666666664,21.166666666666668,0.5757097791798108,0.2962962962962963,0.35172413793103446,0.0273540730785916,0.02707566092737118,0.20667101322647613
JX4P1-2,62,68,22,0.46056782334384855,0.32098765432098764,0.3689655172413792,0.0026785452261735075,0.027643981641447823,0.1888817021565452
JX4P1-3,22.333333333333332,23.333333333333332,8.333333333333334,0.08517350157728706,0.06647673314339982,0.08620689655172412,-0.0025519745059613933,0.0040573433277473975,0.008112645490817172
JX4P1-4,78.83333333333333,78.33333333333333,23.833333333333332,0.6198738170347003,0.37986704653371317,0.40689655172413786,0.020985350562555075,0.03832575143330528,0.278107060989914
JX4P1-5,25.166666666666668,25.666666666666668,4.166666666666667,0.11198738170347003,0.07977207977207978,0,0.024033780605810053,0.023028215865113284,0.003868304400054519
JX4P2-1,25.833333333333332,18.833333333333332,9.333333333333334,0.11829652996845426,0.040835707502374176,0.10689655172413791,0.00229509856667077,-0.0012040912429415072,0.009457607935635267
JX4P2-2,29.833333333333332,30.833333333333332,9.333333333333334,0.1561514195583596,0.10921177587844255,0.10689655172413791,0.003451129694183184,0.0120089396151149,0.019667430157412402
JX4P2-3,39,36.5,11.5,0.2429022082018927,0.14150047483380818,0.15172413793103445,0.009958838439170297,0.014462694633769362,0.040137654924290084
JX4P2-4,59.666666666666664,53.166666666666664,17.166666666666668,0.4384858044164037,0.23646723646723647,0.2689655172413793,0.02002268480126875,0.022723213976048234,0.1235067494450626
JX4P2-5,37.333333333333336,39.333333333333336,11.333333333333334,0.22712933753943218,0.157644824311491,0.1482758620689655,0.006227421288844337,0.01822852561155563,0.04020890351061732
JX4P3-1,62.333333333333336,56.833333333333336,13.833333333333332,0.46372239747634064,0.25735992402659075,0.19999999999999993,0.035683896256527715,0.03687483737254808,0.11412483865923415
JX4P3-2,25.333333333333332,19.333333333333332,6.333333333333333,0.11356466876971608,0.043684710351377026,0.044827586206896496,0.01022391082011251,0.0051553109024150955,0.005200547397658803
JX4P3-3,48.333333333333336,51.333333333333336,15.333333333333332,0.331230283911672,0.22602089268755937,0.23103448275862062,0.0072092679688354686,0.023619312248019227,0.08816537060461312
JX4P3-4,38.5,41.5,13,0.23817034700315456,0.16999050332383667,0.18275862068965515,0.002091514653968483,0.01626893888338054,0.04983179939912664
JX4P3-5,36.666666666666664,40.166666666666664,9.166666666666666,0.22082018927444794,0.16239316239316237,0.10344827586206892,0.012246335954744081,0.026051036865795678,0.03269351960286136
JX5P1-1,34.833333333333336,41.333333333333336,11.833333333333334,0.20347003154574136,0.1690408357075024,0.1586206896551724,-0.0010754719011011184,0.018816817456275527,0.040479185613307614
JX5P1-2,115,177.5,52.5,0.9621451104100947,0.9449192782526113,1,-0.05606801682780115,0.08272395381128202,1.2194563691459588
JX5P1-3,54.833333333333336,62.333333333333336,16.833333333333332,0.39274447949526814,0.28869895536562207,0.2620689655172413,0.00836725242955864,0.03435675668456421,0.12642676056868385
JX5P1-4,20.666666666666668,24.666666666666668,7.666666666666667,0.0694006309148265,0.07407407407407408,0.07241379310344825,-0.00486156025319232,0.007243764108913568,0.006724832353336987
JX5P1-5,40.5,48,15.5,0.25709779179810727,0.2070275403608737,0.2344827586206896,-0.00522806007061359,0.017254911103884784,0.07017218157965822
JX5P2-1,26.333333333333332,29.333333333333332,10.333333333333334,0.12302839116719241,0.100664767331434,0.1275862068965517,-0.004605608482617523,0.006354988305465143,0.017720952148769828
JX5P2-2,32,44,13,0.17665615141955834,0.1842355175688509,0.18275862068965515,-0.011597168034569815,0.017718416713562925,0.042652790856697695
JX5P2-3,45.833333333333336,59.833333333333336,14.333333333333334,0.3075709779179811,0.27445394112060784,0.21034482758620687,6.216109436047373e-4,0.0374992832490997,0.08956434652757672
JX5P2-4,58.166666666666664,65.16666666666667,21.666666666666668,0.42429022082018925,0.30484330484330485,0.3620689655172413,-0.0013906202811877818,0.024301819680595412,0.17032063353869054
JX5P2-5,31.5,33.5,13,0.17192429022082018,0.12440645773979107,0.18275862068965515,-0.005052755720695997,0.005098070895870783,0.032712157048550246
JX5P3-1,38.166666666666664,49.666666666666664,13.166666666666666,0.23501577287066244,0.21652421652421652,0.1862068965517241,-0.0041211560284199426,0.02618083894664451,0.05844219418798939
JX5P3-2,49.833333333333336,62.833333333333336,22.333333333333332,0.34542586750788645,0.29154795821462487,0.37586206896551716,-0.01613283295682118,0.017078301779854668,0.14727736547035078
JX5P3-3,30,34.5,14.5,0.15772870662460567,0.13010446343779677,0.21379310344827582,-0.011703099563560637,0.0012033640068456729,0.0355321369999124
JX5P3-4,42.166666666666664,48.166666666666664,18.666666666666668,0.2728706624605678,0.20797720797720798,0.29999999999999993,-0.01038604274114039,0.00870497463690753,0.08703782191480813
JX5P3-5,57.5,67,17.5,0.41798107255520506,0.315289648622982,0.2758620689655172,0.00858142005530394,0.0388680949656243,0.1446551173440771
S10P1-1,94.33333333333333,67.83333333333333,18.833333333333332,0.7665615141955836,0.3200379867046534,0.30344827586206885,0.06870491310922965,0.04022269087962401,0.24900635691931863
S10P1-2,53.666666666666664,32.666666666666664,13.666666666666666,0.3817034700315457,0.11965811965811965,0.19655172413793098,0.025384811101953335,0.0073196815159720695,0.06244796792223581
S10P1-3,55.666666666666664,30.666666666666668,11.666666666666666,0.4006309148264984,0.10826210826210828,0.1551724137931034,0.03491936520965132,0.009220498513452444,0.05297447353793522
S10P1-4,32.166666666666664,22.666666666666668,9.166666666666666,0.1782334384858044,0.0626780626780627,0.10344827586206892,0.010181315940048206,0.0034859132714379205,0.01562881667577011
S10P1-5,60.666666666666664,43.666666666666664,12.666666666666666,0.4479495268138801,0.18233618233618232,0.1758620689655172,0.04051162604207152,0.022642204322350996,0.08336393248733318
S10P2-1,40.5,26,10.5,0.25709779179810727,0.08167141500474835,0.13103448275862067,0.017346748153781098,0.0052387233787128265,0.028313829458539604
S10P2-2,24.666666666666668,11.666666666666666,6.666666666666666,0.10725552050473187,0,0.051724137931034433,0,0,0.002402224278962598
S10P2-3,24.166666666666668,17.666666666666668,7.166666666666666,0.10252365930599369,0.03418803418803421,0.062068965517241365,0.005485071685844179,0.0014605873360735047,0.005192097587288883
S10P2-4,25.5,15.5,6,0.11514195583596212,0.021842355175688524,0.037931034482758585,0.010260376038919643,0.0015575117546203006,0.003338929819152723
S10P2-5,26,18.5,5.5,0.1198738170347003,0.03893637226970562,0.027586206896551696,0.015947982477411533,0.006186857885494444,0.003918081790100316
S10P3-1,30.666666666666668,25.166666666666668,5.166666666666666,0.1640378548895899,0.07692307692307694,0.020689655172413755,0.028533465530820507,0.017384669865819356,0.007622623586849952
S10P3-2,49.833333333333336,30.333333333333332,10.833333333333334,0.34542586750788645,0.10636277302943971,0.13793103448275862,0.030101488758232483,0.010038707771108548,0.042892561494838874
S10P3-3,29.833333333333332,21.833333333333332,7.333333333333333,0.1561514195583596,0.05792972459639127,0.06551724137931028,0.013237511308776003,0.006196250064237703,0.009990388832363785
S10P3-4,38.333333333333336,43.333333333333336,10.333333333333332,0.23659305993690852,0.1804368471035138,0.12758620689655167,0.009396192351529565,0.026850100763001532,0.041524779194222906
S10P3-5,22.333333333333332,15.333333333333334,5.333333333333333,0.08517350157728706,0.020892687559354247,0.024137931034482706,0.009341813822238105,0.0023642287462789374,0.0018791546253855331
S11P1-1,35.5,25.5,8,0.20977917981072555,0.0788224121557455,0.07931034482758618,0.019639343536305146,0.009521132410334796,0.017071262824871827
S11P1-2,34.5,22,10.5,0.2003154574132492,0.058879392212725555,0.13103448275862067,0.009344622588255008,8.690742415708133e-4,0.019813758596653346
S11P1-3,28.833333333333332,22.333333333333332,6.833333333333333,0.14668769716088326,0.060778727445394115,0.05517241379310339,0.013791217617231705,0.007948763474083806,0.008816967826336702
S11P1-4,70.5,60,19.5,0.5410094637223974,0.2754036087369421,0.3172413793103448,0.027942830643976253,0.026447066085625096,0.17666743640591454
S11P1-5,119,56.5,23.5,1,0.25546058879392214,0.39999999999999997,0.083302737164746607,0.019237696595592428,0.3280698324497745
S11P2-2,29.833333333333332,27.833333333333332,8.333333333333334,0.1561514195583596,0.09211775878442545,0.08620689655172412,0.008155248321567476,0.011067185509175053,0.015496153758329124
S11P2-3,35.166666666666664,25.666666666666668,8.166666666666666,0.20662460567823338,0.07977207977207978,0.08275862068965513,0.018347221271397544,0.009304033110607847,0.01740047217843991
S11P2-4,42.666666666666664,30.666666666666668,10.666666666666666,0.277602523659306,0.10826210826210828,0.13448275862068962,0.020131419309326073,0.01011710695384527,0.035483647881643494
S11P2-5,41.666666666666664,41.666666666666664,10.666666666666666,0.26813880126182965,0.17094017094017094,0.13448275862068962,0.015452396284575223,0.023871604912945807,0.045416209861938894
S11P2-6,51.166666666666664,45.666666666666664,12.166666666666666,0.3580441640378549,0.19373219373219372,0.16551724137931031,0.02563204358408545,0.02576613586779277,0.06958218889117143
S11P3-1,57,45,15,0.41324921135646686,0.1899335232668566,0.2241379310344827,0.025221070030791413,0.018172368020316566,0.09252875605925864
S11P3-2,74.33333333333333,50.333333333333336,14.333333333333332,0.5772870662460567,0.22032288698955366,0.21034482758620685,0.05586482347200426,0.027877988403930652,0.12772258752276167
S11P3-3,28.833333333333332,20.833333333333332,9.333333333333334,0.14668769716088326,0.052231718898385564,0.10689655172413791,0.005526298763902545,9.478073362054507e-4,0.012525130650875887
S11P3-5,49.333333333333336,36.833333333333336,10.833333333333334,0.3406940063091483,0.14339981006647676,0.13793103448275862,0.02986490056623157,0.017760935754341872,0.05006796690214184
S11P3-6,70,32.5,14.5,0.5362776025236593,0.11870845204178537,0.21379310344827582,0.04278020748815155,0.007290004635478477,0.08820130354622327
S12P1-1,62.333333333333336,43.333333333333336,15.333333333333332,0.46372239747634064,0.1804368471035138,0.23103448275862062,0.032510322316478726,0.016126816616027703,0.10067355019334137
S12P1-2,38.833333333333336,21.833333333333332,13.333333333333334,0.24132492113564671,0.05792972459639127,0.18965517241379307,0.007580880176944082,-0.002601168112755845,0.030629187092463164
S12P1-3,85.33333333333333,40.833333333333336,17.833333333333332,0.6813880126182965,0.16619183285849956,0.28275862068965507,0.0540308166249015,0.010913835351745534,0.1528108886272587
S12P1-4,49.666666666666664,34.166666666666664,12.166666666666666,0.34384858044164035,0.1282051282051282,0.16551724137931031,0.025134883497421115,0.01147914483664168,0.052921157873668884
S12P1-5,72.5,72.5,21,0.5599369085173502,0.3466286799620133,0.34827586206896544,0.021637731111458124,0.0379813760219245,0.2207607454772145
S12P2-1,51.166666666666664,30.166666666666668,12.666666666666666,0.3580441640378549,0.10541310541310543,0.1758620689655172,0.024925989944513116,0.0064697833169045605,0.05163550960857826
S12P2-2,55.666666666666664,44.666666666666664,14.666666666666666,0.4006309148264984,0.18803418803418803,0.21724137931034476,0.02430994315716771,0.01842723411443171,0.08799455829186248
S12P2-3,50.833333333333336,50.833333333333336,11.333333333333334,0.3548895899053628,0.2231718898385565,0.1482758620689655,0.02652736045726383,0.0352785914660012,0.07140983277472804
S12P2-4,58.333333333333336,45.333333333333336,11.333333333333334,0.42586750788643535,0.1918328584995252,0.1482758620689655,0.042547184000292455,0.028171599847514005,0.07503479471367666
S12P2-5,56.166666666666664,48.666666666666664,15.166666666666666,0.40536277602523657,0.2108262108262108,0.22758620689655168,0.022325286734102594,0.022016420397732654,0.09772975971983844
S12P3-1,102.66666666666667,85.16666666666667,27.166666666666668,0.8454258675078864,0.4188034188034188,0.4758620689655172,0.04745213859622742,0.04135695595782931,0.4138155200089487
S12P3-2,37.166666666666664,26.166666666666668,8.666666666666666,0.2255520504731861,0.08262108262108264,0.09310344827586203,0.019421772631216333,0.008899475144805508,0.02049333761504147
S12P3-3,43.833333333333336,27.833333333333332,9.333333333333334,0.28864353312302843,0.09211775878442545,0.10689655172413791,0.02709750807773744,0.009883191443794905,0.029137972252224295
S12P3-4,54.166666666666664,46.666666666666664,17.166666666666668,0.3864353312302839,0.19943019943019943,0.2689655172413793,0.013544312121009872,0.014319801455541669,0.10160404921585642
S12P3-5,54.166666666666664,41.166666666666664,13.666666666666666,0.3864353312302839,0.16809116809116809,0.19655172413793098,0.026096638693008448,0.016559319531193165,0.07532234547329285
S13P1-1,34.333333333333336,25.833333333333332,9.833333333333334,0.19873817034700317,0.08072174738841406,0.11724137931034483,0.010954849512368,0.005615129773643921,0.021133946412178792
S13P1-2,43.166666666666664,34.666666666666664,10.166666666666666,0.28233438485804413,0.13105413105413105,0.12413793103448272,0.02244259266953849,0.01621758095417988,0.0382429381547664
S13P1-3,38.333333333333336,36.333333333333336,10.333333333333332,0.23659305993690852,0.1405508072174739,0.12758620689655167,0.012807302052011155,0.01740553784172092,0.035234980116543205
S13P1-4,48.166666666666664,34.666666666666664,10.166666666666666,0.3296529968454258,0.13105413105413105,0.12413793103448272,0.03099479214611756,0.01660381351388981,0.04347171122920351
S13P1-5,58,49,15,0.4227129337539432,0.21272554605887942,0.2241379310344827,0.02586926466875195,0.0230899294152621,0.10060950787726611
S13P2-1,46.5,39,9.5,0.3138801261829653,0.1557454890788224,0.11034482758620687,0.0306199146459896,0.024061261256736823,0.043607051336430835
S13P2-2,52.166666666666664,40.666666666666664,12.166666666666666,0.3675078864353312,0.16524216524216523,0.16551724137931031,0.028602489836638396,0.019439120333167945,0.06447867340804117
S13P2-3,57.166666666666664,44.666666666666664,13.166666666666666,0.4148264984227129,0.18803418803418803,0.1862068965517241,0.032362892359971085,0.022350952964254257,0.08238429573749492
S13P2-4,49.5,41.5,12,0.3422712933753943,0.16999050332383667,0.16206896551724134,0.024538642948094845,0.020666124378438736,0.06114338921909039
S13P2-5,41.666666666666664,35.666666666666664,8.666666666666666,0.26813880126182965,0.13675213675213674,0.09310344827586203,0.026274526815395858,0.021622860997331475,0.03220111797463962
S13P3-1,60.333333333333336,53.333333333333336,18.333333333333332,0.4447949526813881,0.23741690408357075,0.293103448275862,0.01742861200919963,0.020025235108170565,0.13231157262600263
S13P3-2,73.5,58,20.5,0.5694006309148265,0.26400759734093066,0.3379310344827586,0.030018764002025727,0.02211510074786868,0.18704442531024032
S13P3-3,64,60.5,16.5,0.4794952681388012,0.27825261158594494,0.2551724137931034,0.02700624933096561,0.03424364338197069,0.14149866361773827
S13P3-4,88.66666666666667,61.666666666666664,17.666666666666668,0.7129337539432177,0.28490028490028485,0.27931034482758615,0.06463341736503865,0.03493693142439321,0.20863435283394843
S13P3-5,53.666666666666664,45.166666666666664,11.166666666666666,0.3817034700315457,0.19088319088319086,0.1448275862068965,0.03469879214818209,0.028130755880308462,0.06745780189209064
S14P1-1,77,64.5,13.5,0.6025236593059936,0.30104463437796775,0.19310344827586204,0.06334158167322308,0.049385198726563787,0.15409565344208567
S14P1-2,82.5,74.5,20,0.6545741324921136,0.35802469135802467,0.32758620689655166,0.04195267462248866,0.04460897212208736,0.24511424856697006
S14P1-3,85.5,74.5,17,0.6829652996845426,0.35802469135802467,0.26551724137931026,0.0598866375079173,0.053386889276664753,0.22556464383573496
S14P1-4,77.66666666666667,77.16666666666667,16.166666666666668,0.608832807570978,0.3732193732193732,0.24827586206896549,0.047515819119984336,0.05906720440885702,0.20396978911979685
S14P1-5,57.5,35.5,8,0.41798107255520506,0.13580246913580246,0.07931034482758618,0.06195344644834388,0.02384605715607549,0.043597288651871624
S14P2-1,67.16666666666667,61.166666666666664,11.666666666666666,0.5094637223974764,0.28205128205128205,0.1551724137931034,0.054249086184871856,0.04991380931840979,0.11540489546695981
S14P2-2,42,33,14,0.27129337539432175,0.12155745489078823,0.20344827586206893,0.00863131757225982,0.0050714536625358145,0.048888240968790006
S14P2-3,67.66666666666667,66.66666666666667,16.666666666666668,0.5141955835962145,0.3133903133903134,0.2586206896551724,0.03058885303133459,0.04227311489782106,0.1624554324021022
S14P2-4,47.333333333333336,36.833333333333336,8.833333333333334,0.3217665615141956,0.14339981006647676,0.09655172413793102,0.03615905704521997,0.023033688854792327,0.03942748616094976
S14P2-5,99.83333333333333,79.33333333333333,20.833333333333332,0.8186119873817034,0.3855650522317189,0.34482758620689646,0.06794505102659273,0.050206349753129424,0.3164723715439869
S14P3-1,61.5,57,18.5,0.45583596214511035,0.25830959164292494,0.296551724137931,0.017412664552730942,0.02407819722509817,0.14268976481195336
S14P3-2,97,79.5,29.5,0.7917981072555206,0.38651471984805313,0.5241379310344827,0.03281768119848145,0.028256467692075484,0.39994788268132936
S14P3-3,70,59,15,0.5362776025236593,0.26970560303893637,0.2241379310344827,0.04420094792866901,0.03706323487577808,0.14085404462737883
S14P3-4,58.166666666666664,39.666666666666664,11.166666666666666,0.42429022082018925,0.15954415954415954,0.1448275862068965,0.043361189459873876,0.02112247751571177,0.06592546971097281
S14P3-5,48.5,33.5,10,0.33280757097791797,0.12440645773979107,0.12068965517241376,0.03231693288644393,0.015561855185153746,0.04182227827478284
S1P1-1,22.833333333333332,19.833333333333332,6.333333333333333,0.0899053627760252,0.04653371320037987,0.044827586206896496,0.005938631831124141,0.005556055438868833,0.004459972289167826
S1P1-2,36.833333333333336,49.833333333333336,17.333333333333332,0.22239747634069404,0.21747388414055083,0.2724137931034482,-0.01786426457680413,0.012466547412695202,0.07282956195084742
S1P1-3,35.333333333333336,39.333333333333336,12.333333333333332,0.2082018927444795,0.157644824311491,0.16896551724137926,-3.6418870281986664e-4,0.014863227730361049,0.04097920951620925
S1P1-4,23,22.5,6.5,0.09148264984227131,0.0617283950617284,0.04827586206896548,0.004559399429022174,0.008602031335396871,0.005647989235500399
S1P1-5,29,27.5,7.5,0.14826498422712933,0.0902184235517569,0.06896551724137931,0.009887299162403173,0.012961013401863095,0.012913895735129619
S1P2-1,18.666666666666668,20.166666666666668,6.166666666666666,0.050473186119873815,0.048433048433048444,0.041379310344827544,-0.0013161204098916328,0.0058525345853487065,0.00283070883975404
S1P2-2,17.833333333333332,25.833333333333332,6.333333333333333,0.04258675078864353,0.08072174738841406,0.044827586206896496,-0.008161174684023338,0.013117311358808245,0.003882088460750609
S1P2-3,23.5,22,5.5,0.09621451104100945,0.058879392212725555,0.027586206896551696,0.010327060861844628,0.011159227714815853,0.004305663721975618
S1P2-4,14.333333333333334,20.333333333333332,5.333333333333333,0.009463722397476377,0.04938271604938272,0.024137931034482706,-0.008993782545846731,0.008130723248157825,8.174308082637926e-4
S1P2-5,25.5,30,9.5,0.11514195583596212,0.10446343779677113,0.11034482758620687,-0.004424980550777637,0.009463464412512671,0.015701232758395148
S1P3-1,18.666666666666668,23.166666666666668,5.166666666666666,0.050473186119873815,0.06552706552706554,0.020689655172413755,7.522135093035777e-6,0.01403624614809625,0.0024713615309888285
S1P3-2,13.5,16,5.5,0.0015772870662460491,0.024691358024691377,0.027586206896551696,-0.00795513766588354,-3.8189697910204895e-4,3.3064747640235625e-4
S1P3-3,20.666666666666668,26.166666666666668,9.166666666666666,0.0694006309148265,0.08262108262108264,0.10344827586206892,-0.009849190005559491,0.003978103636854957,0.009292599555629472
S1P3-4,23.5,29,9.5,0.09621451104100945,0.09876543209876544,0.11034482758620687,-0.00746285211713301,0.007560275481181337,0.013431056336563392
S1P3-5,33,47,14,0.1861198738170347,0.201329534662868,0.20344827586206893,-0.014582604501355088,0.01851068260592327,0.050358226163705624
S2P1-1,25.5,29.5,10,0.11514195583596212,0.1016144349477683,0.12068965517241376,-0.005374364582002004,0.0072813389229308976,0.016394007616164576
S2P1-2,24,28.5,7.5,0.10094637223974763,0.0959164292497626,0.06896551724137931,-4.6272217220316844e-4,0.01373901242755428,0.010071511932397545
S2P1-3,18.5,26,7.5,0.04889589905362777,0.08167141500474835,0.06896551724137931,-0.010053941013100632,0.008832848518493346,0.005628316251907534
S2P1-4,18.666666666666668,24.666666666666668,7.666666666666666,0.050473186119873815,0.07407407407407408,0.07241379310344825,-0.008952633406093192,0.006468091460078584,0.005524243574265048
S2P1-5,34.333333333333336,40.833333333333336,11.833333333333334,0.19873817034700317,0.16619183285849956,0.1586206896551724,-0.001693018810021107,0.018062988211245915,0.03936696422643146
S2P2-1,25.333333333333332,21.833333333333332,7.833333333333333,0.11356466876971608,0.05792972459639127,0.07586206896551721,0.0044681797953747245,0.004454937300278797,0.008482151359323037
S2P2-2,18,19,9,0.04416403785488958,0.04178537511870847,0.09999999999999996,-0.008086654120108805,-0.00459378372838295,0.004520805108715624
S2P2-3,106.16666666666667,187.16666666666666,47.666666666666664,0.8785488958990537,1,0.8999999999999998,-0.06777953731234307,0.10882426984424519,1.1125148109025804
S2P2-4,15,16,5,0.015772870662460574,0.024691358024691377,0.0172413793103448,-0.002327549223417711,0.0033956815356222447,4.707336126410614e-4
S2P2-5,27.666666666666668,34.666666666666664,9.666666666666666,0.13564668769716087,0.13105413105413105,0.11379310344827581,-0.004011638798024009,0.015518756136947202,0.02083907084341448
S2P3-1,19,20,8,0.053627760252365916,0.04748338081671416,0.07931034482758618,-0.005131282022914396,2.88269661083709e-5,0.00457503329882393
S2P3-2,19.166666666666668,23.166666666666668,6.666666666666666,0.055205047318612005,0.06552706552706554,0.051724137931034433,-0.003972109205579785,0.008307722442382036,0.004270453196657007
S2P3-3,16.166666666666668,18.666666666666668,7.166666666666666,0.026813880126182958,0.0398860398860399,0.062068965517241365,-0.007605080084508558,-6.793579551215547e-4,0.0022557773008255195
S2P3-4,27.5,30,12.5,0.13406940063091483,0.10446343779677113,0.17241379310344823,-0.008145608870883538,0.001252461919542305,0.02387272721968703
S2P3-5,22.333333333333332,19.833333333333332,5.833333333333333,0.08517350157728706,0.04653371320037987,0.0344827586206896,0.007068855471361345,0.006916290491807027,0.0036828022105146766
S3P1-1,23.666666666666668,24.666666666666668,9.666666666666666,0.09779179810725554,0.07407407407407408,0.11379310344827581,-0.0043739655959531476,0.002173429239983107,0.011605168170619393
S3P1-2,23.5,23,6.5,0.09621451104100945,0.06457739791073125,0.04827586206896548,0.00527769006305706,0.009337522111858936,0.0060516343060937495
S3P1-3,20.333333333333332,27.333333333333332,8.333333333333334,0.06624605678233435,0.0892687559354226,0.08620689655172412,-0.009444173594215144,0.008239902343899513,0.008365871411961375
S3P1-4,29.833333333333332,34.333333333333336,10.833333333333334,0.1561514195583596,0.1291547958214625,0.13793103448275862,-0.0029802520864374397,0.011874869468802625,0.025773039919741565
S3P1-5,46.833333333333336,45.333333333333336,17.833333333333332,0.31703470031545744,0.1918328584995252,0.28275862068965507,9.386048934252371e-4,0.009497445006265986,0.08863958881348401
S3P2-1,22.5,27.5,8,0.08675078864353311,0.0902184235517569,0.07931034482758618,-0.004278382629480278,0.010354196991518813,0.009466527428423846
S3P2-2,30.166666666666668,29.166666666666668,8.666666666666666,0.15930599369085174,0.09971509971509973,0.09310344827586203,0.007029542343309356,0.011874197590844843,0.017320928105966027
S3P2-3,28.833333333333332,40.333333333333336,9.833333333333334,0.14668769716088326,0.1633428300094967,0.11724137931034483,-0.006239302290416468,0.022959608570263402,0.026114472199109458
S3P2-4,47.833333333333336,57.833333333333336,18.333333333333332,0.3264984227129338,0.2630579297245964,0.293103448275862,-0.006050212882014505,0.02262732821555368,0.11201562240227594
S3P2-5,17.333333333333332,23.833333333333332,6.833333333333333,0.03785488958990534,0.06932573599240266,0.05517241379310339,-0.008968721790867927,0.007981836607141666,0.0036969463610650737
S3P3-1,30.166666666666668,45.666666666666664,9.166666666666666,0.15930599369085174,0.19373219373219372,0.10344827586206892,-0.0051984331218034256,0.033366237024964454,0.029178080894194602
S3P3-2,22.166666666666668,25.166666666666668,9.666666666666666,0.08359621451104102,0.07692307692307694,0.11379310344827581,-0.007348715557798524,0.0020095269243260556,0.010693883632193313
S3P3-3,25.333333333333332,24.333333333333332,9.333333333333334,0.11356466876971608,0.07217473884140552,0.10689655172413791,-6.624202529789529e-4,0.0033311081938630777,0.012146613589680656
S3P3-4,36.333333333333336,46.333333333333336,13.333333333333332,0.21766561514195584,0.19753086419753088,0.18965517241379304,-0.005860401568438693,0.020838555688098163,0.05271489572122444
S3P3-5,29,32.5,9.5,0.14826498422712933,0.11870845204178537,0.11034482758620687,4.58199044701993e-4,0.013488386158381561,0.020377337240548056
S4P1-1,30.666666666666668,29.666666666666668,8.666666666666666,0.1640378548895899,0.10256410256410257,0.09310344827586203,0.007706442300525565,0.012587315513335055,0.01803322833285388
S4P1-2,26.166666666666668,22.166666666666668,7.666666666666666,0.1214511041009464,0.059829059829059845,0.07241379310344825,0.006189311534899048,0.005382020716148168,0.008830640057885503
S4P1-3,21.666666666666668,24.666666666666668,5.666666666666666,0.07886435331230282,0.07407407407407408,0.031034482758620648,0.0038890120029384536,0.014495355793448704,0.004584811639463766
S4P1-4,21.5,21.5,9,0.07728706624605677,0.056030389363722705,0.09999999999999996,-0.0042228495171547815,-6.093262422997289e-5,0.007647943942381425
S4P1-5,19.5,21.5,8,0.058359621451104106,0.056030389363722705,0.07931034482758618,-0.00544173292241755,0.0018656009229529318,0.005344339551839005
S4P2-1,22.5,27.5,6,0.08675078864353311,0.0902184235517569,0.037931034482758585,0.0024448911790773595,0.017572251799148224,0.006295634322585775
S4P2-2,42,37,17,0.27129337539432175,0.14434947768281103,0.26551724137931026,-1.2671757189394893e-4,0.0019477433076290109,0.06474466574464104
S4P2-3,23.333333333333332,23.333333333333332,7.333333333333333,0.0946372239747634,0.06647673314339982,0.06551724137931028,0.001955440485809962,0.007237829855876836,0.00729492839993629
S4P2-4,25.333333333333332,20.833333333333332,7.833333333333333,0.11356466876971608,0.052231718898385564,0.07586206896551721,0.004771256492524776,0.003371720148362809,0.008014777094266842
S4P2-5,26.333333333333332,23.333333333333332,8.333333333333334,0.12302839116719241,0.06647673314339982,0.08620689655172412,0.004036329127987556,0.005070625067539162,0.01061538180737225
S4P3-1,31,31.5,9.5,0.167192429022082,0.11301044634377969,0.11034482758620687,0.004675747730517805,0.0125668218532393,0.02156984748201911
S4P3-2,38.5,35.5,16,0.23817034700315456,0.13580246913580246,0.2448275862068965,-0.002207171846672973,0.0017882135132244051,0.053651565476087425
S4P3-3,24.333333333333332,27.333333333333332,8.333333333333334,0.10410094637223974,0.0892687559354226,0.08620689655172412,-0.0015737039622328107,0.009485837391999123,0.011242206543813473
S4P3-4,28.833333333333332,33.333333333333336,9.833333333333332,0.14668769716088326,0.1234567901234568,0.11724137931034477,-0.0013618372739168457,0.013486405139448765,0.021556110389564873
S4P3-5,29,27.5,7.5,0.14826498422712933,0.0902184235517569,0.06896551724137931,0.009887299162403173,0.012961013401863095,0.012913895735129619
S8P1-1,21.333333333333332,11.833333333333334,5.833333333333333,0.07570977917981073,9.496676163342994e-4,0.0344827586206896,5.928283865334668e-4,-1.0948482149723171e-4,0.0011757716547033104
S8P1-2,42.666666666666664,49.666666666666664,17.666666666666668,0.277602523659306,0.21652421652421652,0.27931034482758615,-0.008100629903923417,0.013430577234678552,0.08578950669225185
S8P1-3,54.333333333333336,29.833333333333332,11.833333333333334,0.38801261829653,0.10351377018043685,0.1586206896551724,0.03203662069725127,0.007948757428882165,0.05115218179736838
S8P1-4,29.666666666666668,18.666666666666668,7.666666666666666,0.15457413249211358,0.0398860398860399,0.07241379310344825,0.010995404279514917,0.0021666231588321917,0.008767185963125016
S8P1-5,57,34,19,0.41324921135646686,0.12725546058879392,0.3068965517241379,0.015117793325304866,-4.276101562526091e-4,0.09459908932170093
S8P2-1,27,19,10,0.12933753943217666,0.04178537511870847,0.12068965517241376,0.002256516599240771,-0.0019065431170971938,0.011283091280066044
S8P2-2,30.333333333333332,13.833333333333334,9.833333333333334,0.16088328075709776,0.012345679012345711,0.11724137931034483,0.003191992163288005,-0.0016483135363352412,0.009654371320308129
S8P2-3,52,34.5,17.5,0.3659305993690852,0.13010446343779677,0.2758620689655172,0.01272154205792047,0.0015068681918351764,0.0798676612945135
S8P2-4,30.833333333333332,21.333333333333332,6.833333333333333,0.16561514195583593,0.055080721747388414,0.05517241379310339,0.017090695981982505,0.006806411803861884,0.009222531885097706
S8P2-5,46.333333333333336,31.833333333333332,15.833333333333332,0.31230283911671924,0.11490978157644824,0.2413793103448275,0.01008216322052006,0.0012789573665672367,0.06019177014381645
S8P3-1,52.5,24,10.5,0.37066246056782337,0.07027540360873695,0.13103448275862067,0.031068211605867643,0.0043771950518073565,0.03629794747378291
S8P3-2,43,28,12,0.2807570977917981,0.09306742640075974,0.16206896551724134,0.016129322859161323,0.004630725332336682,0.037548564140190595
S8P3-3,23.666666666666668,24.166666666666668,6.166666666666666,0.09779179810725554,0.07122507122507124,0.041379310344827544,0.006379536599040921,0.012078494578231853,0.006044436982173578
S8P3-4,47.333333333333336,24.833333333333332,11.833333333333332,0.3217665615141956,0.07502374169040836,0.15862068965517237,0.020945372703872273,0.0027059463935659735,0.037706435584015756
S8P3-5,50.666666666666664,30.166666666666668,12.166666666666666,0.3533123028391167,0.10541310541310543,0.16551724137931031,0.026014182635237557,0.007339400983893674,0.04900435540901367
S9P1-1,35.666666666666664,21.166666666666668,14.166666666666666,0.21135646687697157,0.05413105413105415,0.20689655172413787,0.0032483346560726184,-0.004747898234813445,0.028738793637774054
S9P1-2,58.833333333333336,35.333333333333336,15.833333333333332,0.4305993690851735,0.1348528015194682,0.2413793103448275,0.02564001096176406,0.006473749663614783,0.08424521326553891
S9P1-3,73.16666666666667,49.166666666666664,26.666666666666668,0.5662460567823344,0.21367521367521364,0.46551724137931033,0.015015800593660167,4.7861192705064576e-4,0.20960393167027863
S9P1-4,41.333333333333336,19.833333333333332,12.833333333333334,0.26498422712933756,0.04653371320037987,0.17931034482758618,0.009964085112715291,-0.0022610511587190935,0.029526741809643906
S9P1-5,44.833333333333336,25.333333333333332,10.833333333333334,0.29810725552050477,0.0778727445394112,0.13793103448275862,0.0215677846829149,0.004470766337821688,0.032507883218344774
S9P2-1,37.166666666666664,22.166666666666668,12.666666666666666,0.2255520504731861,0.059829059829059845,0.1758620689655172,0.00732863435659323,-0.0018743849931619578,0.027575235962538764
S9P2-2,40.833333333333336,22.833333333333332,19.333333333333332,0.26025236593059936,0.06362773029439696,0.31379310344827577,4.2284208344826346e-5,-0.009626099884685454,0.051178034459640975
S9P2-3,47.5,40,14.5,0.32334384858044163,0.16144349477682812,0.21379310344827582,0.013238629498145213,0.01226370782809281,0.06748327657184539
S9P2-4,53.5,36,12.5,0.3801261829652997,0.13865147198480532,0.17241379310344823,0.029693345563407362,0.013201185229892706,0.06155252957398202
S9P2-5,75.5,44.5,21,0.5883280757097792,0.18708452041785376,0.34827586206896544,0.03246162522522954,0.0076618878195578695,0.16459876549531838
S9P3-1,57,52.5,20.5,0.41324921135646686,0.23266856600189936,0.3379310344827586,0.006484242360061314,0.012940424736895943,0.1361503496580043
S9P3-2,63.833333333333336,34.333333333333336,19.833333333333332,0.47791798107255523,0.1291547958214625,0.3241379310344827,0.02066441282170053,-2.1288917530520984e-4,0.11193409224414602
S9P3-3,40.666666666666664,34.666666666666664,12.666666666666666,0.2586750788643533,0.13105413105413105,0.1758620689655172,0.009797647164081075,0.00960968128824553,0.044357398075812814
S9P3-4,56.333333333333336,45.333333333333336,21.333333333333332,0.4069400630914827,0.1918328584995252,0.3551724137931033,0.006472326851305411,0.0038191830732142683,0.12589069189502475
S9P3-5,42.166666666666664,25.666666666666668,8.166666666666666,0.2728706624605678,0.07977207977207978,0.08275862068965513,0.029668521652700744,0.009726352565804251,0.02206272773899129
SD1P1-1,46.666666666666664,35.666666666666664,13.666666666666666,0.31545741324921134,0.13675213675213674,0.19655172413793098,0.015602304482183924,0.00938490211594067,0.05716722113329994
SD1P1-2,56.5,38.5,19,0.40851735015772866,0.15289648622981955,0.3068965517241379,0.01413348555981832,0.002857572856684534,0.10165269265834859
SD1P1-3,88.83333333333333,55.833333333333336,24.333333333333332,0.7145110410094637,0.251661918328585,0.4172413793103447,0.040447070032194964,0.013799425039875746,0.2524215318510999
SD1P1-4,30,26,11,0.15772870662460567,0.08167141500474835,0.14137931034482756,0.0015555426826136841,0.0022404196437637567,0.020233882810392706
SD1P1-5,49.166666666666664,43.166666666666664,17.666666666666668,0.33911671924290215,0.17948717948717946,0.27931034482758615,0.005960016655710053,0.00830791293874703,0.08907873963834483
SD1P2-1,49.333333333333336,47.333333333333336,18.333333333333332,0.3406940063091483,0.20322886989553657,0.293103448275862,0.002581747724458966,0.01100565525301803,0.09901464531014448
SD1P2-2,41.5,34.5,16,0.2665615141955836,0.13010446343779677,0.2448275862068965,0.002572483468108371,0.0018789439323786577,0.05706917604669689
SD1P2-3,34.666666666666664,40.166666666666664,17.166666666666668,0.20189274447949523,0.16239316239316237,0.2689655172413793,-0.013926448230529093,0.0014776066431670125,0.05662348992646789
SD1P2-4,42.666666666666664,38.166666666666664,16.166666666666668,0.277602523659306,0.150997150997151,0.24827586206896549,0.002219104719643494,0.005220661177453786,0.06422797035246003
SD1P2-5,37.833333333333336,26.833333333333332,9.333333333333334,0.23186119873817038,0.08641975308641976,0.10689655172413791,0.017801986806931902,0.008236516823674177,0.02340889346543433
SD1P3-1,33.833333333333336,28.333333333333332,15.833333333333332,0.194006309148265,0.0949667616334283,0.2413793103448275,-0.0043680378810771825,-0.0052595395361671494,0.03818144554324954
SD1P3-2,30.333333333333332,31.333333333333332,11.333333333333332,0.16088328075709776,0.11206077872744538,0.14827586206896548,-0.0015527309662399361,0.007000105762654125,0.025331122441776543
SD1P3-3,39.666666666666664,30.666666666666668,16.666666666666668,0.24921135646687695,0.10826210826210828,0.2586206896551724,3.5488598792910104e-4,-0.0031154906539993072,0.05171478529109863
SD1P3-4,25.666666666666668,17.166666666666668,10.166666666666666,0.11671924290220821,0.03133903133903136,0.12413793103448272,0.0010163833402891493,-0.0032274913975478977,0.009542524280345407
SD1P3-5,47.333333333333336,28.333333333333332,14.333333333333332,0.3217665615141956,0.0949667616334283,0.21034482758620685,0.015034464163979284,0.001458203247952741,0.0511885217970747
SD2P1-1,29,23.5,11.5,0.14826498422712933,0.0674264007597341,0.15172413793103445,1.887600480265845e-4,-0.001272498334366617,0.018499412735782816
SD2P1-2,38.166666666666664,28.666666666666668,16.166666666666668,0.23501577287066244,0.09686609686609687,0.24827586206896549,3.084690829281187e-4,-0.003942307909680576,0.04553705243851036
SD2P1-3,34.833333333333336,28.333333333333332,12.833333333333332,0.20347003154574136,0.0949667616334283,0.17931034482758615,0.003106745581406747,0.0015805369219940475,0.03153878077418208
SD2P1-4,25,17,10,0.11041009463722397,0.03038936372269706,0.12068965517241376,6.949083833764042e-4,-0.0032519763058292362,0.00881108561318877
SD2P1-5,32.666666666666664,21.166666666666668,13.166666666666666,0.18296529968454256,0.05413105413105415,0.1862068965517241,0.0020522750964270518,-0.004246560771820249,0.023405670549409164
SD2P2-1,30.166666666666668,28.166666666666668,11.666666666666666,0.15930599369085174,0.09401709401709404,0.1551724137931034,-8.33617281567347e-4,0.002743658676140139,0.02350663214017379
SD2P2-2,26.5,25,10.5,0.1246056782334385,0.07597340930674265,0.13103448275862067,-0.001961785153564015,0.0013814479999957067,0.015479985500212616
SD2P2-3,33.833333333333336,25.833333333333332,11.333333333333334,0.194006309148265,0.08072174738841406,0.1482758620689655,0.006121718590176203,0.002332003314530126,0.024420213649285396
SD2P2-4,72.83333333333333,47.833333333333336,29.333333333333332,0.5630914826498422,0.20607787274453943,0.5206896551724137,0.009287961044570173,-0.005502153832377526,0.22366804386337075
SD2P2-5,21,13,9,0.07255520504731859,0.007597340930674283,0.09999999999999996,-1.1565430633851096e-4,-0.0022245403401305024,0.003709395181742417
SD2P3-1,29.833333333333332,22.833333333333332,13.333333333333332,0.1561514195583596,0.06362773029439696,0.18965517241379304,-0.0018912119175913665,-0.004969747648830246,0.022351168658619996
SD2P3-2,21.666666666666668,15.666666666666666,8.666666666666666,0.07886435331230282,0.022792022792022804,0.09310344827586203,-5.011371065731167e-5,-0.0027743121707449274,0.004876605196928506
SD2P3-3,18.166666666666668,13.666666666666666,6.166666666666666,0.045741324921135675,0.01139601139601139,0.041379310344827544,9.738086905407384e-4,-8.201863754014601e-4,0.0012494894286029137
SD2P3-4,27.833333333333332,22.833333333333332,10.333333333333334,0.13722397476340692,0.06362773029439696,0.1275862068965517,0.0013992491523042135,3.05279743676296e-4,0.014877085491544569
SD2P3-5,24.833333333333332,23.333333333333332,9.833333333333334,0.10883280757097788,0.06647673314339982,0.11724137931034483,-0.0020274528545987176,8.861092058531359e-4,0.012032722312905305
SD3P1-1,47.333333333333336,21.833333333333332,11.833333333333332,0.3217665615141956,0.05792972459639127,0.15862068965517237,0.018862236545218423,5.657536543908024e-4,0.03415064444583757
SD3P1-2,48.333333333333336,36.333333333333336,15.333333333333334,0.331230283911672,0.1405508072174739,0.23103448275862065,0.013105119472901355,0.00669037742364114,0.0673561581435275
SD3P1-3,26.166666666666668,25.166666666666668,9.666666666666666,0.1214511041009464,0.07692307692307694,0.11379310344827581,-6.201523328602903e-4,0.0035809476400627768,0.013820036132779937
SD3P1-4,19.833333333333332,16.333333333333332,11.833333333333332,0.06151419558359621,0.02659069325735993,0.15862068965517237,-0.006656083493265238,-0.009493443489907272,0.006759745413123782
SD3P1-5,24.333333333333332,22.333333333333332,10.333333333333334,0.10410094637223974,0.060778727445394115,0.1275862068965517,-0.003215454956159192,-0.0014084401008510976,0.011848740999768733
SD3P2-1,43.833333333333336,37.833333333333336,18.333333333333332,0.28864353312302843,0.14909781576448244,0.293103448275862,-8.72604610185075e-4,2.0788784736313105e-4,0.07419223142284885
SD3P2-2,22.166666666666668,17.166666666666668,7.666666666666666,0.08359621451104102,0.03133903133903136,0.07241379310344825,0.0018346693334236016,-2.931251674032667e-4,0.004738337402624887
SD3P2-3,24.833333333333332,23.333333333333332,8.833333333333334,0.10883280757097788,0.06647673314339982,0.09655172413793102,3.272446634904959e-4,0.0034399560334759743,0.010462144563411165
SD3P2-5,25.833333333333332,25.333333333333332,12.833333333333332,0.11829652996845426,0.0778727445394112,0.17931034482758615,-0.007994050999823586,-0.004546267628261375,0.019220245526609593
SD3P2-6,22.833333333333332,27.833333333333332,11.333333333333334,0.0899053627760252,0.09211775878442545,0.1482758620689655,-0.012083571766024178,-3.393469495349681e-5,0.015273014350974279
SD3P3-1,37.5,20.5,11,0.22870662460567823,0.05033238366571701,0.14137931034482756,0.010863839442600328,-3.8797881727798057e-4,0.02206706000015766
SD3P3-2,35.5,22,11.5,0.20977917981072555,0.058879392212725555,0.15172413793103445,0.008075690611641954,-5.552589587396963e-4,0.022998889789525544
SD3P3-3,59.166666666666664,31.166666666666668,12.666666666666666,0.4337539432176656,0.11111111111111113,0.1758620689655172,0.03569850630029982,0.008197741547096076,0.062360747897091305
SD3P3-4,59.166666666666664,30.166666666666668,15.666666666666666,0.4337539432176656,0.10541310541310543,0.23793103448275857,0.025127299445883072,0.002482081061823034,0.07534764122641191
SD3P3-5,52.5,27,16.5,0.37066246056782337,0.08736942070275404,0.2551724137931034,0.015120365157198378,-0.0017630994417729329,0.06463219693461933
